type,id,post_id,parent_id,depth,author,subreddit,date,score,text
comment,kp787uv,193lkbc,t3_193lkbc,0,Significant_Ad_3918,ethz,2024-02-06,1,Any updates?
comment,l86kbmj,17cx6wr,t3_17cx6wr,0,AdEastern6906,ethz,2024-06-11,1,Hello! I just found your post that I find quite interesting. Did you eventually start your studies at ETH Zurich? I was accepted at ETH Zurich and I would like to know more about how studying in this master's program is.
post,1aoso4q,1aoso4q,,0,compassWorn,ethz,2024-02-12,1,"too much time online? yes, that means you

hey there, im running a survey for my class focused on those who find themselves spending too much time on their phone. feel free to fill out this quick survey or send to a friend if you feel that describes you.

([https://forms.gle/5vJQAZf2Y8HwiYZ86](https://forms.gle/5vJQAZf2Y8HwiYZ86))"
comment,kqvrnp1,1asklx6,t3_1asklx6,0,stef_himself,ethz,2024-02-17,2,Depending on groups people adapt pretty well to Hochdeutsch. Everone understands you.
comment,kycxcf3,1bxav99,t3_1bxav99,0,PhiDeltaChi,ethz,2024-04-06,1,"ETH generally only looks at transcripts, not work experience, so yes it matters, however the ranking matters more. If I recall correctly they want top10% of your graduating class for most masters/ direct phd programs, if you have e this you gpa is not that relevant. Also “engineering” is perhaps too broad, which type? To go into machine learning you’d need something related, however, ETH does accept cross-degree applicants, but then you’d have to take additional classes to “catch up”"
post,197oeqd,197oeqd,,0,Unhappy-Froyo8828,ethz,2024-01-16,1,"What are my chances of admission at ETH Management, Technology, and Economics masters?

ETH Ms MTEC

I applied to the MTEC program at ETH, however, my gpa is low. I did chemistry with minor on medicinal chemistry in undergrad and have lots of experience including internship at a good company, I was TA for 4 lab courses. Very good thesis in collaboration with 2 known professors ( I am the first person in uni doing so) and got rec letters from them. Im professional chess player and was studying in the best school of physics and math in Kazakhstan. I did my undergraduate in Germany. Very good motivational letter. 
In general everything is very good except my gpa, but I switched from math and physics in high school to chemistry and biotech in undergrad and now want to switch to operations management in the field of chemistry. 
I know that eth is looking for high gpa but still applied just to see my luck. What do you think?"
post,195zkcg,195zkcg,,0,Unhappy-Froyo8828,ethz,2024-01-13,1,"ETH Ms MTEC

I applied to the MTEC program at ETH, however, my gpa is low. I did chemistry with minor on medicinal chemistry in undergrad and have lots of experience including internship at a good company, I was TA for 4 lab courses. Very good thesis in collaboration with 2 known professors ( I am the first person in uni doing so) and got rec letters from them. Im professional chess player and was studying in the best school of physics and math in Kazakhstan. I did my undergraduate in Germany. Very good motivational letter. 
In general everything is very good except my gpa, but I switched from math and physics in high school to chemistry and biotech in undergrad and now want to switch to operations management in the field of chemistry. 
I know that eth is looking for high gpa but still applied just to see my luck. What do you think?"
comment,ki3s7s5,197oeqd,t1_ki2hpui,0,Unhappy-Froyo8828,ethz,2024-01-16,1,"did you apply this year? or earlier? if yes, what about your stats? 

but thank you anyway!"
comment,khtipbk,195zkcg,t1_khs9lq0,0,Unhappy-Froyo8828,ethz,2024-01-14,1,could you explain a little bit?
comment,kzgafpx,1c2msut,t3_1c2msut,0,larsie001,ethz,2024-04-13,1,"Did a shared masters between the two. The level of the courses was not really different, but there was more workload at ETH. Also more (sometimes senseless) report writing at ETH."
comment,ko9fotx,1aek7cq,t1_kkaoznx,0,Emotional-Share4461,ethz,2024-01-31,1,a minimum effort still shows determination and if someone struggles at the basis I wouldn’t expect them to excel at the top
comment,kp70622,1akb9ce,t3_1akb9ce,0,Ue-De-yeh,ethz,2024-02-06,3,"Go for it, not at all an issue"
post,1cvlanv,1cvlanv,,0,Upstairs-Chest6736,ethz,2024-05-19,3,"Stundenplan Pharmazeutische Wissenschaften BSc.

I'm still deciding if I''m gonna start Pharmazeutische Wissenschaften this Fallsemester and I have some questions: 
I saw on the ETH- Website the ""Musterstundenplan"" for all 6 semesters. How accurate is it? I also saw that there are mostly three types of courses I will be taking: Vorlesung, Übung and Praktikum. Are there in any of these ""Anwesenheitspflicht"" required? Are Vorlesungen recorded so I can watch them online? I would be very happy if someone who is studying Pharmazeutische Wissenschaften could answer me these questions? I will be working during my studies so for example, I always work on Fridays and Weekends so it will be a Problem for me to attend university on fridays."
comment,kynj49g,1bywlzv,t1_kyna8al,0,authentichooman,ethz,2024-04-08,2,"Not in Switzerland ofcourse.
China, India , Africa 🙃"
comment,kyn6k00,1bywlzv,t1_kyn5vm8,0,authentichooman,ethz,2024-04-08,3,"If you want to do PhD , target ETH. One of my friend did from UZH . He is moving to ETH for further research.
If quality of education is your focus then it’s ETH"
comment,kyn57el,1bywlzv,t1_kyn2pd0,0,authentichooman,ethz,2024-04-08,0,"Most of my friends are in USA. After MS getting paid 140-160k. There is no barrier to salary threshold. Lot of startups and companies to work for. Switzerland is a small country. Very few companies. Even if they exist they will pay you 110-120 max. FAANG is exception. Check how many companies in Switzerland really using AI at bigger scale.

Check jobs in Switzerland vs jobs in USA. It’s easy to find it out."
comment,kyn2k8o,1bywlzv,t3_1bywlzv,0,authentichooman,ethz,2024-04-08,0,Go to USA
comment,kp63ewt,1906kbb,t1_kp5yf29,0,authentichooman,ethz,2024-02-06,1,"Latest update : We will now forward your documents to the respective Admissions Committee for evaluation.
It will take some time until the decision is available. We will then inform you in writing by the beginning of April 2024 at the latest."
comment,kp5yf29,1906kbb,t1_kp5m95y,0,authentichooman,ethz,2024-02-06,1,I know that 😛 but Is it screening stage like I have all the documents or actual profile review
comment,kp39vf6,1906kbb,t3_1906kbb,0,authentichooman,ethz,2024-02-05,1,My status is - in progress..It means?
comment,kp39lgj,1afgyqu,t1_koeiv1k,0,authentichooman,ethz,2024-02-05,1,My application status is in progress 🥲
comment,kzsri74,1c4w1d2,t1_kzsjco4,0,Valfaros,ethz,2024-04-16,1,"I mean all I did is replace old chinese ladies are perfect for tedious work and chinese students in general lack the wit to succeed in this course without hard work with old fat white guy. Yeah I wasn't as sneaky with the racism as this guy but I don't think I wasn't any harsher. 

Like maybe I should have gone with haha yeah you old white guys always with your funny jokes when do you plan your next trip to Thailand without your wife?"
comment,kzr1rg2,1c4w1d2,t1_kzqyj41,0,Valfaros,ethz,2024-04-15,7,Lol guy felt was so easily offended that he made an account just to reply with racism to this. Pathetic.
comment,kzr14oz,1c4w1d2,t1_kzqg4rp,0,Valfaros,ethz,2024-04-15,4,People say that why feel insulted about that because they never experienced it. If I go up to someone and call him typical old white fatty I'm sure he'll feel insulted. What you are old white and fat. Don't take it so poorly it's just how the average old white dude looks like....haha
comment,kzr0hf7,1c4w1d2,t1_kzqfa3q,0,Valfaros,ethz,2024-04-15,3,It's called being ignorant and people shouldn't just accept it.
comment,kzr01tq,1c4w1d2,t3_1c4w1d2,0,Valfaros,ethz,2024-04-15,8,"Yeah, let's be honest. Switzerland has a lot of racist people. Some are just ignorant and never changed the past 30 years and don't realise certain things you shouldn't say anymore some are actually hatefully racist.

Report him. This isn't ok anywhere but especially not in academia that is international and should be forward thinking."
comment,kslqj0k,1b2d64f,t3_1b2d64f,0,Donthaveaphd,ethz,2024-02-28,1,There's a fountain in front of ETH if you are looking for one right now 😅
comment,ktfc7mu,1b5ipan,t1_ktf7t8j,0,Designer-Access-4471,ethz,2024-03-05,2,"Congratulations! Did you get any email about your admission ? Or, were you just checking the status in the portal ?"
comment,kta9wif,1b5ipan,t1_kta2z5g,0,Designer-Access-4471,ethz,2024-03-04,3,I was thinking that we'll get them around the mid of March based on previous years on Gradcafe.
comment,kta0tu1,1b5ipan,t1_kt9ymft,0,Designer-Access-4471,ethz,2024-03-04,2,I haven't yet
comment,kt9y8q2,1b5ipan,t1_kt8y08x,0,Designer-Access-4471,ethz,2024-03-04,3,Have you received your MSc CS admission mail ?
post,1doxd2k,1doxd2k,,0,thesaltyanchovyyy,ethz,2024-06-26,1,"Any Incoming Chemistry PhDs?

Is there a group or chat of incoming chemistry PhDs at D-CHAB in the fall? I am going to start my doctorate at ETH in September and I am from the states. I want to meet and get to know some of the students in my class, even though I know not everyone has to start at the same time. DM me!"
comment,lah6e4h,1doxd2k,t1_lah5tfh,0,thesaltyanchovyyy,ethz,2024-06-27,1,"I have an MSc, not doing direct doctorate. I wasn’t referring to courses per se because I was aware of the low course requirement but rather I was referring to cohort. Thanks for the reference to VAC, will join!"
comment,kgpxchz,18xglcq,t3_18xglcq,0,BazingaSan,ethz,2024-01-07,1,checkup the petsitting online platform and you have you have to try a couple of persons until you find the proper match. petsitting24.ch is what I have used and founded a really nice girl that is a neighbor.
comment,l5bcd27,1cy7ktu,t3_1cy7ktu,0,Infamous-Pizzaman,ethz,2024-05-23,1,You might want to consider buying a bike and the halbtax and/or seven25
comment,l773sxk,1d8ibsv,t3_1d8ibsv,0,TheSquire8221,ethz,2024-06-05,1,"I think the only way you could fail is if you completely fail to live up to your supervisor's expectations. 

If you do the work you're given and show up when you're meant to, it's basically a guaranteed pass."
