username,voice_type,subtype,confidence,community,in_degree,out_degree,eigenvector_centrality
Plastic_Share2619,external_individual,student,0.5,0,1.0,0.0,0.000244
Initial_Ad3554,decentral_individual,student,1.0,2,28.0,33.0,0.001948
Emergency-Job4136,decentral,department_or_lab,0.9,0,55.0,51.0,0.045594
human3483933883,former_individual,student,0.9,2,0.0,1.5,8e-06
redditisgarbage1103,former_individual,student,0.8,2,10.0,3.5,0.00164
Elephant_pumpkin,former_individual,phd,0.7,3,55.0,62.0,0.015748
BackgroundLow3556,decentral_individual,student,1.0,3,2.0,0.0,6.3e-05
rodrigo-benenson,external_individual,other,0.5,0,221.5,242.0,0.129001
IkeaCreamCheese,external_individual,phd,0.5,0,94.5,95.0,0.08623
TheRealDeal2024,decentral_individual,student,1.0,4,5.0,3.0,0.0
Hour_Direction9988,decentral_individual,student,1.0,4,6.0,6.5,3.3e-05
Express_Outside4580,decentral_individual,student,1.0,2,1.0,1.0,0.000108
Playful-Ostrich-7210,external_individual,student,0.8,5,13.5,0.0,0.0009
Evoo4820,decentral_individual,student,0.8,5,5.0,8.5,0.001922
Electrical-Ear5319,decentral_individual,applicant,0.8,5,2.5,1.5,2.5e-05
That_Agent1983,external_individual,student,0.8,5,124.0,129.0,0.047295
Mandelmus100,decentral_individual,student,1.0,2,124.0,117.0,0.035438
sekex,external_individual,other,0.5,6,6.0,5.5,0.00091
b0sstweed,decentral_individual,postdoc,0.8,3,0.0,1.0,0.0
cratstatna,external_individual,student,0.8,3,6.0,4.0,2e-05
NutellaHoden,external_individual,other,0.5,3,1.0,1.0,1.7e-05
WrongSeaworthiness60,external_individual,student,0.8,9,1.5,3.5,0.0
Beautiful_Spare_6489,external_individual,student,1.0,9,3.5,1.5,0.0
WeaknessDistinct4618,external_individual,other,0.5,0,453.0,452.5,0.498459
Significant_Way2882,decentral_individual,student,1.0,20,11.5,9.5,4.1e-05
Usual-Royal1804,external_individual,other,0.5,11,10.5,9.5,0.00038
Many_Slice_9646,decentral_individual,applicant,0.5,2,13.0,1.5,0.001248
hadronmachinist,decentral_individual,student,1.0,2,27.0,20.5,0.007016
45422201,former_individual,student,0.9,12,1.5,1.5,0.0
sweat-child-of-mine,decentral_individual,student,0.8,12,1.5,1.5,0.0
Subject_Elk_4762,former_individual,student,0.5,13,8.0,3.5,0.002165
Fickle_Knee_106,external_individual,phd,0.8,2,67.5,71.5,0.018771
VastStandard6769,external_individual,,0.5,0,156.5,158.0,0.124376
PastInternational249,external_individual,other,0.5,14,5.5,5.5,0.0
Upset-Crazy-4913,decentral_individual,student,0.8,14,5.5,5.5,0.0
thesaltyanchovyyy,decentral_individual,phd,1.0,11,0.0,1.5,7.4e-05
Fabulous_Ad_5709,decentral_individual,student,0.8,11,31.0,31.0,0.01543
Remarkable-Town-2733,decentral_individual,student,1.0,3,2.0,1.5,1.7e-05
Acrobatic-Kiwi2045,decentral_individual,student,0.8,15,9.5,7.5,2.6e-05
Floedebollebolle,decentral_individual,student,0.9,0,1.5,0.0,2e-05
Benedoc,former_individual,student,0.8,0,16.0,19.0,0.015281
Internal_Leke,external_individual,other,0.5,0,306.5,318.0,0.287843
Konayo,decentral_individual,student,1.0,2,161.0,184.5,0.061139
Available-Bus-9562,decentral_individual,student,1.0,13,3.0,0.0,6.3e-05
Dajinxed,decentral_individual,student,1.0,4,1.5,1.5,3e-06
Any-Patient5051,decentral_individual,phd,0.9,0,16.0,11.0,0.013602
shamishami3,decentral_individual,student,0.8,0,149.0,153.0,0.131694
ulfOptimism,external_individual,student,0.5,0,27.0,29.5,0.030151
lucas_critique,decentral_individual,student,1.0,5,5.5,3.0,0.000768
SeveralConcert,external_individual,other,0.5,0,87.5,86.0,0.093186
qaywsxqaywsxqay,external_individual,student,0.8,17,20.0,3.5,0.009576
CompoteMysterious822,external_individual,student,0.5,17,21.0,6.5,0.010752
Boosted_Arrow,decentral_individual,student,1.0,0,17.0,20.5,0.009188
yaxir,decentral_individual,phd,1.0,0,50.0,43.5,0.031293
Hzlqrtz,external_individual,student,1.0,11,23.5,10.5,0.010925
Financial_News_6400,external_individual,student,1.0,3,15.5,6.0,0.002318
Scentsuelle,external_individual,other,0.5,0,60.5,65.5,0.03571
RaresDerBares,decentral_individual,student,1.0,3,20.5,19.0,0.008595
lars99971,decentral_individual,student,1.0,3,16.0,20.5,0.003475
authentichooman,external_individual,student,0.9,13,28.0,32.5,0.034401
ttthhheeeoooooo,external_individual,student,1.0,13,4.0,2.5,0.000721
Glass_Passenger7552,external_individual,other,0.5,13,1.5,0.0,0.000166
phicreative1997,external_individual,student,1.0,13,22.0,29.5,0.011299
SaPpHiReFlAmEs99,external_individual,student,0.8,0,27.5,30.0,0.026289
Infamous-Pizzaman,external_individual,student,0.5,11,2.5,4.0,2.1e-05
Vincenz0ne,decentral_individual,student,0.8,5,8.0,1.5,0.000852
No_Interest_1285,external_individual,student,1.0,11,6.5,6.5,0.000766
attalgreg,external_individual,student,0.5,17,8.5,9.0,0.000864
neilus03,external_individual,student,0.8,17,4.5,3.5,3e-05
No_Combination_6429,external_individual,student,0.8,0,61.5,61.0,0.058456
hyperionXO,external_individual,student,1.0,17,3.0,3.0,0.000112
Lestode,decentral_individual,student,1.0,17,5.0,1.5,1.3e-05
-___-_-_--,former_individual,student,0.8,13,4.5,4.5,0.003708
Belarnon,decentral_individual,student,0.7,5,6.5,7.5,0.001534
retermist,external_individual,student,0.5,5,1.5,2.5,2e-05
Bad-Gloomy,decentral_individual,student,0.8,2,4.0,0.0,0.000748
rafael0301,decentral_individual,student,1.0,5,10.0,2.5,0.001741
Glittering-Deer-2679,decentral_individual,student,1.0,20,6.0,9.5,0.000245
Defiant-Dare1223,external_individual,other,0.5,0,483.0,491.5,0.402925
studentqu,decentral_individual,applicant,0.8,5,7.0,3.0,0.000719
Ristlii,decentral_individual,student,1.0,5,1.5,1.5,7e-06
WizardyJohnny,former_individual,student,0.8,5,3.5,8.0,0.001639
Book_Dragon_24,decentral_individual,phd,0.8,0,275.5,296.5,0.440641
Dependent_Writing_30,external_individual,student,1.0,2,8.5,3.0,0.001769
Flashy-Weird8715,decentral_individual,applicant,0.7,4,4.0,4.0,0.0
CircleTool,decentral_individual,student,0.9,11,5.5,6.5,0.000378
Hot_Cattle8579,former_individual,student,0.5,11,2.5,1.5,3e-06
Equal_Problem_2749,decentral_individual,student,1.0,11,20.0,12.0,0.000665
jappsugthesorcerer,decentral_individual,student,0.8,2,21.5,13.0,0.001506
VeterinarianTight102,external_individual,student,0.8,2,5.5,4.5,0.001963
Flockifox,decentral_individual,student,0.8,11,6.0,1.5,0.000584
litbizwiz,decentral_individual,researcher,0.8,2,44.5,57.0,0.006708
Prof_Blutfleck,decentral_individual,applicant,0.8,2,24.5,14.0,0.003139
Extension-Reading106,decentral_individual,applicant,0.6,0,1.0,0.0,0.000219
Outrageous-Power-562,external_individual,student,0.7,19,1.5,1.5,0.0
Ornery-Fisherman2175,decentral_individual,student,1.0,2,19.5,9.0,0.000299
majimearun,external_individual,student,0.8,2,2.5,1.5,0.000927
Drunken_Sheep_69,external_individual,student,0.5,2,155.0,160.0,0.09604
East_Yesterday_2313,decentral_individual,student,1.0,2,2.0,0.0,3.6e-05
Usual_Opposite_5022,decentral_individual,student,1.0,3,19.0,4.0,0.000985
AtmosphereAny,decentral_individual,applicant,0.8,2,3.5,2.5,0.000362
ksjwo,external_individual,other,0.5,0,2.5,1.0,0.0032
marcy818181,decentral_individual,student,0.8,4,10.5,8.5,0.000753
Wise-Command2807,external_individual,student,0.8,13,0.0,1.5,0.000126
FinanceAltTrow,decentral_individual,student,1.0,3,13.5,10.0,0.000742
percentage97,external_individual,other,0.8,17,1.0,3.5,0.000335
Substantial-Leg-9000,decentral_individual,student,0.8,5,0.0,1.5,9e-06
Fritzbombur,external_individual,student,0.5,5,10.5,3.0,0.001821
Upbeat_Hat1089,external_individual,student,0.8,2,4.0,5.0,0.000984
That-Secret5932,decentral_individual,student,1.0,2,14.5,17.5,0.002918
Careful-Tip9157,external_individual,student,1.0,2,1.5,0.0,5e-06
Artistic_Slide2345,former_individual,student,0.8,11,1.5,1.5,0.000149
giacomomaggiore,decentral_individual,student,1.0,20,4.5,1.5,0.000466
W47erM01e,decentral_individual,student,1.0,20,1.0,1.0,0.0
Educational_Tooth560,external_individual,student,0.8,11,1.0,0.0,0.0
PullyLutry,external_individual,student,1.0,0,19.5,5.5,0.011665
AquaHornet08,decentral_individual,student,1.0,2,7.5,6.5,0.000125
TheTomatoes2,decentral,,0.5,5,277.5,320.5,0.143235
Gabimariza,decentral_individual,student,1.0,2,11.0,10.5,0.00193
EdoBirelART27,decentral_individual,student,1.0,11,1.5,1.5,9e-05
External_Welcome_225,decentral_individual,student,1.0,2,5.5,1.5,0.000379
geger42,former_individual,student,0.8,5,13.5,4.0,0.000771
reactionchamber,external_individual,student,0.6,11,8.5,10.0,3e-06
Fit_Spot_4679,decentral_individual,student,0.8,5,1.0,0.0,2e-06
random_fr_username,decentral_individual,student,1.0,2,5.5,7.0,0.003417
Agreeable_Addition84,decentral_individual,student,1.0,20,17.0,20.5,0.000998
Ok-Construction-6309,decentral_individual,student,0.9,0,3.0,4.5,0.000735
Benzene_Vapour,former_individual,student,0.9,11,5.5,6.5,3e-05
Adventurous-Race5478,decentral_individual,student,1.0,11,3.0,0.0,0.0
paulh0107,former_individual,student,0.8,2,5.0,6.0,0.000389
verys-aleph,decentral_individual,student,1.0,4,1.5,1.0,0.0
Kogulp,decentral_individual,student,1.0,11,5.5,3.5,0.000106
TheVivek,former_individual,student,0.6,6,4.0,10.5,7.2e-05
Bottle-Desperate,decentral_individual,student,1.0,2,1.5,0.0,7e-06
OldSeries256,former_individual,student,0.8,2,2.0,4.5,0.000623
confirmation_please,decentral_individual,student,1.0,2,1.5,0.0,0.000295
Frosty-Wish-3558,decentral_individual,student,1.0,2,6.5,5.0,7.5e-05
Necessary_Ant_9505,decentral_individual,student,1.0,11,1.5,1.5,9e-05
RossYT,decentral_individual,student,1.0,20,2.0,0.0,1e-06
Emotional_Hotel6843,decentral_individual,student,1.0,4,7.0,0.0,3.2e-05
SignificantBluejay11,external_individual,student,0.8,5,5.0,3.5,0.002207
Strong-Depth-4067,decentral_individual,student,0.9,11,0.0,1.0,2e-06
Double-Outside-4763,decentral_individual,student,0.8,20,3.5,1.5,4e-06
R_H_02,decentral_individual,student,1.0,0,1.5,1.5,0.004246
No-Efficiency6694,decentral_individual,student,0.9,3,8.0,5.5,0.000666
Careless_Career_8467,decentral_individual,student,0.8,3,33.5,21.5,0.003345
kvutxdy,decentral_individual,student,1.0,2,4.0,6.5,0.001101
virtualdweller,external_individual,student,0.7,3,10.0,1.5,0.000472
ygtrhos,external_individual,other,0.5,0,19.5,19.5,0.02289
BluebirdNo4405,external_individual,student,0.8,28,0.0,1.0,0.0
FatBoiXL,external_individual,student,1.0,28,3.0,0.0,0.0
Impressive-Gap7138,decentral_individual,student,1.0,2,31.0,37.5,0.005533
gustapa,decentral_individual,student,1.0,4,0.0,2.5,5e-06
Little_Biscotti_9134,decentral_individual,applicant,0.9,5,8.5,8.0,0.001707
Icy-Piglet-2536,decentral_individual,student,1.0,29,2.5,3.5,0.0
Feeling_Passenger815,decentral_individual,student,0.8,3,1.5,4.0,1.1e-05
Versailles_ro,decentral_individual,student,0.8,3,6.5,5.5,0.001756
YeesusFistus,decentral_individual,student,1.0,3,32.5,43.0,0.002478
Beneficial_Repeat773,decentral_individual,student,0.9,4,13.5,12.5,0.000569
Individual_Print7350,decentral_individual,student,1.0,3,1.5,5.0,1.6e-05
Slimmanoman,external_individual,student,0.8,0,126.5,130.0,0.175257
TheJacksy,decentral_individual,student,0.9,4,1.5,1.5,7e-06
kamiem123,external_individual,other,0.5,3,1.5,4.0,0.000204
trufa27,external_individual,student,0.7,3,12.5,13.0,0.002596
Purple_p0tat059,decentral_individual,student,0.8,3,9.0,1.5,0.001868
FederalBrick,former_individual,student,0.8,3,5.5,6.0,9.8e-05
Born-Conflict6051,former_individual,student,0.8,3,1.5,2.5,4.3e-05
Tobyey,external_individual,student,0.5,2,25.0,29.5,0.007822
Lucifer__Uchiha,external_individual,student,0.8,3,3.0,1.5,0.000121
Chinglaner,decentral_individual,student,0.8,20,27.5,28.0,0.005011
little__riddle,decentral_individual,student,1.0,2,13.5,0.0,0.000809
Adorable_Position_34,decentral_individual,student,1.0,20,1.0,0.0,1.6e-05
Several-Programmer68,external_individual,student,0.8,20,1.5,1.5,4.8e-05
_Zinio_,decentral_individual,student,1.0,20,9.5,4.5,0.000426
skarros,former_individual,student,0.7,0,45.0,51.5,0.047025
other_users,external_individual,student,1.0,4,21.0,24.5,0.004455
tym0704,external_individual,student,0.8,20,9.0,1.5,0.000109
Chemist-Nerd,external_individual,student,0.8,2,8.5,8.5,0.003287
throwawayacc42424242,decentral_individual,student,1.0,6,11.5,4.5,8.9e-05
LeonUPazz,decentral_individual,student,1.0,13,5.5,4.0,0.000717
Volameter,external_individual,student,0.8,5,34.0,6.5,0.009538
CharlieLee666,external_individual,student,1.0,5,1.5,1.5,9.2e-05
CreativeAd996,former_individual,phd,0.8,5,1.5,1.5,9.2e-05
Dede1751,external_individual,student,0.7,2,5.0,7.0,3e-05
Training-Area6316,decentral_individual,student,0.7,2,11.0,6.5,0.000771
WishboneNo4583,decentral_individual,student,0.8,5,4.0,1.5,0.002066
luckyvice323,decentral_individual,student,1.0,15,4.0,8.5,1e-06
EyedBread,decentral_individual,student,1.0,2,8.0,4.0,0.000365
angelomirkovic,decentral_individual,student,0.8,2,2.5,2.5,6e-06
math_nerd_77,external_individual,student,0.8,4,1.0,1.0,0.0
Tall_Ladder8399,decentral_individual,student,1.0,5,2.0,0.0,2e-06
Ok-Abbreviations-938,external_individual,student,0.5,0,2.5,1.0,0.000314
mrex778,decentral_individual,applicant,0.8,4,2.0,4.0,2e-06
ImperiaUnum,external_individual,student,0.8,4,1.0,0.0,0.0
Bubbly_Cellist_6802,former_individual,student,0.8,5,14.5,16.0,0.004711
Ecstatic-Level9286,decentral_individual,student,1.0,5,8.5,6.0,0.002216
Feisty_Anywhere4422,decentral_individual,student,1.0,11,6.0,6.5,0.000952
EffectivelyToasted,external_individual,student,1.0,2,1.5,1.5,0.00026
FailerOnBoard,decentral_individual,student,1.0,0,19.0,23.5,0.020616
Aalibab,decentral_individual,applicant,0.8,2,4.0,0.0,4.6e-05
Bamboleo_bambolea,decentral_individual,student,0.8,4,2.5,1.5,0.0
PietroPentolo,decentral_individual,student,1.0,2,7.5,1.5,0.000342
West-Instruction-577,external_individual,student,0.5,5,6.0,8.0,0.002466
xDerDachDeckerx,decentral_individual,student,1.0,20,6.5,6.0,4.8e-05
Stomach_Academic,external_individual,other,0.5,5,0.0,1.5,4e-06
PlaneSpirited2507,external_individual,student,0.7,5,2.5,3.0,0.000362
luckystarof2020,decentral_individual,student,1.0,5,22.0,27.0,0.01834
BergUndChocoCH,decentral_individual,student,1.0,0,33.5,31.5,0.026203
Due_Astronomer_604,external_individual,other,0.8,3,2.5,5.5,0.001015
justonesharkie,decentral_individual,phd,0.8,0,119.0,121.0,0.101924
ThrowRA_Paul98,former_individual,student,0.8,6,22.5,14.5,0.003958
Active-Diamond-7555,external_individual,student,1.0,4,1.0,0.0,0.0
Get0rganiz3d,external_individual,student,1.0,4,1.0,0.0,0.0
Panda-Calm,decentral_individual,student,1.0,4,18.5,20.0,6e-05
Rude-Pressure6256,decentral_individual,student,1.0,20,22.5,21.5,0.00404
Admirable_Towel8693,decentral_individual,applicant,0.9,4,20.5,1.5,0.0035
nanotechmama,external_individual,other,0.5,0,193.0,207.0,0.173425
Apprehensive_Arm_493,decentral_individual,phd,0.8,3,3.0,1.0,0.000202
StuffOpening9962,decentral_individual,student,1.0,0,33.5,32.0,0.031463
ignorantgal5,former_individual,student,0.8,2,2.5,2.5,0.000245
Current_Rub_4992,decentral_individual,student,1.0,3,1.5,0.0,7.6e-05
Slayer10101,decentral_individual,student,1.0,3,3.0,1.5,0.000246
broesmmeli-99,decentral_individual,student,0.8,3,31.5,42.5,0.019529
Ke_vi_n,decentral_individual,student,1.0,2,11.5,10.5,0.003051
ShadowVerses,external_individual,other,0.5,2,6.0,0.0,0.000392
avokadolainen,external_individual,student,0.8,3,2.5,4.0,0.001041
__deadpoet__,decentral_individual,student,1.0,4,13.0,4.5,0.000151
ykozyr,decentral_individual,student,0.8,4,7.0,6.0,0.000263
EffectiveCupcake5971,external_individual,student,0.8,3,4.5,4.5,0.000455
ilovecrystals889,external_individual,student,0.8,3,1.0,0.0,5.1e-05
Mankra23,decentral_individual,student,1.0,11,48.5,58.5,0.009319
Key-Agency-2643,former_individual,student,0.8,35,5.0,7.0,3e-06
Suspicious_Self8332,decentral,department_or_lab,1.0,2,64.0,61.0,0.006539
Der_Lachsliebhaber,external_individual,student,0.5,11,14.5,20.0,0.001838
Living_Substance_487,former_individual,student,0.5,0,45.0,45.5,0.038867
kekwwwww999665,decentral_individual,student,0.8,17,11.5,16.0,0.009542
githubrepo,external_individual,student,0.5,0,44.0,42.5,0.054672
koki51,external_individual,student,0.8,11,10.0,8.5,0.000636
Petingo,external_individual,student,1.0,2,6.5,2.5,0.000726
AimingforGreatness,external_individual,other,0.5,11,9.5,8.5,0.000293
PaintCharacter8338,decentral_individual,student,1.0,11,1.5,0.0,9e-06
bil-y,external_individual,student,0.5,2,16.5,15.5,0.007536
oat_milk_daddy,decentral_individual,student,1.0,13,22.5,16.5,0.002978
chaneloptional,decentral_individual,student,1.0,2,30.0,34.0,0.006457
Godnivia,external_individual,student,0.8,15,1.5,1.5,0.0
ConfusionNo4339,external_individual,student,1.0,0,1.5,1.5,0.000729
akshith_rao1623,decentral_individual,applicant,0.8,4,0.0,1.0,0.0
Ordinary-Annual1429,decentral_individual,applicant,0.8,4,3.5,1.5,3e-06
AffectionateStore225,decentral_individual,applicant,0.7,4,10.5,5.5,0.000348
EncelBread,external_individual,student,0.7,0,4.0,4.0,0.009058
nudeice,external_individual,student,0.8,20,23.0,6.0,0.004257
Training-Argument-58,external_individual,student,0.8,20,5.5,5.5,0.000145
supermag2,decentral_individual,researcher,0.8,20,7.5,8.5,0.000972
bogdanTNT,external_individual,student,0.8,38,2.5,4.5,1e-06
Accomplished_Team300,external_individual,researcher,0.5,3,3.0,0.0,6e-05
Khyta,decentral_individual,student,0.8,5,22.5,23.0,0.016676
misplacedlion,external_individual,other,0.5,4,1.5,1.5,4.3e-05
ProRussianPlayer,decentral_individual,student,0.8,4,4.0,4.0,2.9e-05
ale_skrt,decentral_individual,student,1.0,4,10.5,3.5,0.000712
ektoplazmahhh,external_individual,other,0.5,4,6.0,9.5,0.001512
lost_leopard_,external_individual,student,0.9,6,0.0,3.0,1.9e-05
Japap_,external_individual,student,0.5,2,7.0,3.0,0.003933
mensii,decentral_individual,student,0.8,2,16.0,21.0,0.003484
peter1714,decentral_individual,phd,1.0,2,6.0,0.0,0.000383
Sans_Moritz,external_individual,researcher,0.5,2,11.0,16.5,0.00749
Severe_Cookie1567,decentral_individual,student,1.0,4,1.5,2.5,5e-05
SpaceDebri,decentral_individual,student,1.0,2,1.5,0.0,1.7e-05
thoangzr,decentral_individual,student,1.0,2,1.5,4.5,5.9e-05
Significant-Goose120,decentral_individual,student,0.8,11,10.5,1.5,0.001108
langkexiaoyi,external_individual,,0.5,5,3.0,1.5,0.0
davidTheEngineer,decentral_individual,student,0.8,5,5.5,7.0,0.000116
_null__,external_individual,student,0.8,5,10.5,10.0,0.001923
SmartBeagle,external_individual,student,0.9,2,6.5,5.5,0.001227
bsaverio,decentral_individual,researcher,1.0,5,0.0,1.5,4e-06
Haunting-Bet-2491,external_individual,student,0.8,2,1.5,0.0,3.2e-05
DiscountOk830,external_individual,student,0.5,13,15.0,9.0,0.009069
hans_wie_heiri,former_individual,student,0.7,0,14.5,14.5,0.006801
hellbanan,external_individual,student,0.5,0,96.0,107.0,0.068079
envyyeet,decentral_individual,student,1.0,20,21.5,10.0,0.002129
TheAntisocialMuffin6,decentral_individual,student,1.0,5,2.0,0.0,0.000547
Secure_Cupcake_986,decentral_individual,student,1.0,15,7.0,0.0,0.0
Odd_Feeling_8021,external_individual,student,1.0,4,6.0,3.0,0.0003
DarkZoneNinja,decentral_individual,student,1.0,4,1.5,1.5,3e-06
MoreLingonberry8630,decentral_individual,student,1.0,2,2.0,2.0,3.6e-05
mrnacknime,decentral_individual,phd,1.0,0,65.5,69.0,0.075665
Typical_North5046,decentral_individual,student,1.0,2,1.0,1.0,0.000173
Street-Difficulty-42,decentral_individual,student,1.0,2,16.0,4.5,0.00048
JurgenEins,decentral_individual,student,1.0,17,7.0,2.5,0.001286
Popular-Art6864,decentral_individual,student,1.0,2,5.5,5.0,0.000101
HeLst3n1,external_individual,other,0.5,2,4.5,0.0,8.4e-05
Aywing,decentral_individual,student,0.8,13,70.0,58.5,0.026199
Mankus,external_individual,other,0.5,13,3.0,1.5,0.000269
Maurice1001,decentral_individual,student,1.0,0,13.0,3.0,0.00833
No-Fill9172,external_individual,student,1.0,13,2.0,0.0,8.4e-05
PussyOnDaChainwax-,decentral_individual,student,0.8,0,35.5,38.0,0.041587
Emergency_Mail6848,decentral_individual,applicant,0.6,13,7.0,4.0,0.001298
IssaTrader,external_individual,student,1.0,11,9.0,11.5,0.001506
Grouchy-Friend4235,external_individual,other,0.5,0,51.0,48.5,0.049708
BetaKa,former_individual,student,0.5,2,1.5,1.5,5e-06
nibr1609,decentral_individual,applicant,0.8,4,0.0,4.5,0.0
pad0lex,decentral_individual,student,1.0,2,3.0,0.0,9.8e-05
BadBoy_3371,external_individual,phd,0.9,20,1.5,0.0,0.000161
SomeGuyOnInternet7,former_individual,student,0.6,0,18.5,19.5,0.024971
7facetime7,external_individual,student,0.5,11,3.0,1.5,1.3e-05
luneedananswer,decentral_individual,student,0.8,11,6.0,6.0,0.001333
xAshenDemonx,external_individual,student,0.8,5,10.5,11.5,0.015245
Constant_Parsley_493,decentral_individual,student,0.9,2,3.0,5.5,0.00035
bbvs247,decentral_individual,student,1.0,11,4.5,4.5,2e-05
AlrikBunseheimer,external_individual,student,0.8,2,117.5,138.5,0.026988
HeyImSwiss,decentral_individual,student,1.0,0,20.0,19.0,0.009535
PineappleOk3727,former_individual,student,0.8,11,27.0,37.5,0.003961
No_Pop8531,external_individual,student,0.7,2,1.5,1.5,6.3e-05
needyfr,former_individual,student,0.8,2,2.0,0.0,3e-05
kriccs,decentral_individual,student,0.8,2,0.0,1.5,2.2e-05
Xentoxus,decentral_individual,student,0.8,2,30.0,24.0,0.004528
Drio420,decentral_individual,student,1.0,11,2.0,0.0,0.000473
tobevivid,decentral_individual,student,1.0,4,10.5,10.5,0.000947
LockTheMoon,external_individual,other,0.5,4,0.0,1.5,1e-06
BrocolliCCR5,external_individual,student,0.5,4,16.0,17.0,5e-06
ParisianFlower,former_individual,student,0.8,15,0.0,1.5,0.0
ws11235,former_individual,employee_or_alumni,0.8,17,12.5,15.0,0.000365
nononeffervescent_ml,decentral_individual,student,1.0,0,0.0,1.5,0.000264
bafe,former_individual,phd,0.6,0,60.5,65.5,0.054898
No_Passion9960,external_individual,student,0.8,3,1.0,0.0,8e-06
ETHsurvivor,external_individual,other,0.5,2,0.0,3.0,0.000296
Good_Winter7396,external_individual,student,0.8,13,2.5,1.5,0.000145
Longjumping_Sky_6440,external_individual,student,0.8,0,36.0,36.0,0.02315
teig123,decentral_individual,applicant,0.8,0,1.0,0.0,3.1e-05
yassin_01_,decentral_individual,student,0.8,20,3.0,3.0,0.000117
T0MOWN,decentral_individual,student,1.0,5,14.5,15.5,0.007252
MattSymetry,external_individual,student,0.8,0,4.0,1.5,0.001012
SnooRobots582,external_individual,student,0.8,2,1.5,1.5,7.3e-05
FastLegEnte,decentral_individual,student,1.0,11,12.0,3.5,0.000502
Radical_X75,former_individual,student,0.5,11,7.0,9.5,0.001266
no_underage_trading,decentral_individual,student,0.8,2,24.0,34.0,0.006026
rteasghnwmyksrx,external_individual,student,1.0,2,3.0,3.0,0.000123
Henry-T-01,decentral_individual,student,1.0,2,2.0,1.0,0.000412
Global-String655,decentral_individual,student,1.0,4,4.0,2.5,0.0
Hungry-Finding2360,decentral_individual,phd,0.8,4,24.0,22.0,1e-06
Clean-Egg1905,external_individual,,0.5,2,4.0,3.0,0.000785
PressureCold,external_individual,student,0.5,3,4.0,2.5,0.00017
bobijntje,external_individual,other,0.5,0,72.0,73.5,0.075354
Mcwedlav,decentral_individual,,0.5,0,36.5,33.0,0.040127
katatonikk,external_individual,professor,1.0,5,4.5,4.0,0.004001
sharenogulub4e,decentral,department_or_lab,1.0,4,8.0,4.0,0.0
escasiyo,decentral,department_or_lab,0.8,17,0.0,1.5,2e-06
bub1q,external_individual,student,0.8,0,8.0,6.0,0.008294
voldemort9289,decentral_individual,applicant,0.6,5,6.5,6.5,0.002505
Standard_Monitor4291,decentral_individual,student,0.8,0,20.5,21.5,0.011276
BidKey1431,external_individual,student,0.8,3,3.0,0.0,0.000389
mytinyteenieproblem,decentral_individual,student,1.0,3,7.5,4.5,0.002819
parcerodelwettstein,external_individual,other,0.5,57,1.5,1.0,0.000599
toefungusgonebad,decentral_individual,student,1.0,57,3.0,0.0,3e-06
Proper-Delivery-7120,decentral_individual,student,1.0,15,3.5,5.0,2e-06
Level-Discussion1853,decentral_individual,student,1.0,15,2.0,0.0,4e-06
XH4869,decentral,department_or_lab,1.0,60,0.0,2.0,0.0
65289791,decentral_individual,phd,1.0,60,1.0,0.0,0.0
jeanmichelcrapaud,external_individual,student,1.0,60,2.5,0.0,0.000119
CattleParticular7482,decentral_individual,student,1.0,0,1.5,0.0,0.000363
LumosDRSG,former_individual,student,0.7,4,6.0,7.0,5.3e-05
Mortifer_I,decentral_individual,student,0.8,0,15.0,16.5,0.01623
Ok_Peanut_5685,external_individual,other,0.5,17,20.5,23.0,0.017359
Competitive-Dot-3333,former_individual,student,0.5,0,154.0,160.0,0.147606
GoblinsGym,former_individual,student,0.8,0,68.5,73.0,0.051804
backgammon_no,decentral,department_or_lab,0.8,0,18.0,18.5,0.02053
horse_s_mouth,decentral_individual,student,1.0,2,0.0,1.5,0.000171
Certain-Operation347,external_individual,other,0.5,4,1.5,3.5,4.3e-05
TortoisesSlap,external_individual,student,0.8,0,4.5,2.5,0.005833
crunshysalt,external_individual,student,0.5,3,0.0,1.5,0.0
Beduines123,decentral_individual,researcher,1.0,20,4.5,4.5,2.7e-05
ChevalBlanc1947,external_individual,student,0.6,4,3.0,0.0,5e-05
Sad-Bit-2234,decentral_individual,phd,1.0,2,0.0,3.0,3.6e-05
Some-Relationship774,decentral_individual,applicant,0.8,4,22.0,11.5,0.005669
meeneemeten,external_individual,other,0.5,2,14.5,13.0,0.001782
biggelone,external_individual,other,0.5,11,1.5,1.5,6e-06
Real_Principle_8446,external_individual,student,0.8,3,4.0,1.5,5.6e-05
ginarrbrik,former_individual,student,0.8,0,3.0,3.0,0.004498
Muoitran,external_individual,postdoc,0.5,15,1.5,4.0,0.0
No-Novel-1192,external_individual,student,0.7,2,3.0,0.0,0.00018
whitehole_phy,former_individual,student,0.5,2,1.0,2.5,0.000395
MyBeatifulFantasy,external_individual,student,0.6,5,1.5,4.0,0.00087
Asztrus11,external_individual,student,0.8,20,6.5,4.5,0.000837
OwlAffectionate158,decentral_individual,student,1.0,66,0.0,1.0,0.0
AnonC951,decentral_individual,student,1.0,66,1.0,0.0,0.0
tinatsh,decentral_individual,student,0.8,3,1.5,1.5,0.0
Slim_Jue,decentral_individual,student,1.0,3,3.0,0.0,3.1e-05
milfiway,decentral_individual,student,1.0,68,1.0,0.0,0.0
AdvisorTechnical7732,decentral_individual,student,1.0,11,6.5,4.0,0.0
MoistMaintenance2,decentral_individual,student,1.0,4,2.5,4.5,9e-06
StefanFizyk,former_individual,student,0.8,0,2.0,2.0,0.000452
Justmyoponionman,external_individual,other,0.5,0,41.0,41.5,0.036443
exp_max8ion,external_individual,other,0.8,0,20.0,23.5,0.018953
pfyffervonaltishofen,external_individual,student,1.0,0,22.5,21.0,0.015808
JimSteak,former_individual,student,0.7,2,48.0,51.0,0.025237
Calm_Dust_1007,former_individual,student,0.5,5,4.5,5.5,0.000309
CrashingBrain,external_individual,other,0.5,5,5.5,7.0,0.000331
Open-Farmer-7285,decentral,department_or_lab,0.8,5,0.0,1.0,0.0
Maximum_Smell9853,decentral_individual,student,0.8,2,1.0,0.0,7e-06
r_moma,decentral_individual,student,1.0,4,2.5,8.5,0.000293
R4pper1noStu,decentral_individual,student,1.0,69,1.5,1.5,0.0
Fyuryy,external_individual,student,1.0,69,1.5,1.5,0.0
steinblitz,decentral_individual,student,0.8,15,6.0,7.5,0.001424
Freljord2,external_individual,student,0.7,4,3.0,4.0,5.6e-05
CDawn1337,external_individual,student,0.8,11,6.0,4.0,2e-05
tauloki,external_individual,student,0.8,11,1.5,2.5,0.0
BarFun9487,decentral,,0.5,2,18.0,15.5,0.002841
IocusMoechae,decentral_individual,student,1.0,4,1.0,2.5,0.0
Numerous_Current892,decentral_individual,student,0.8,2,1.5,1.5,0.0
bumble_bianc,decentral_individual,applicant,0.8,4,2.5,1.5,0.0
__Reddidiot__,external_individual,student,1.0,5,14.5,24.0,0.012737
Ill-Split-672,former_individual,student,0.7,2,4.0,3.5,0.000355
ShepherdDesign,decentral_individual,phd,1.0,0,6.0,1.5,0.001085
ConfusedEarthDweller,decentral_individual,student,0.8,4,5.5,9.5,0.000555
Prestigious_Road7872,decentral_individual,student,1.0,4,8.5,8.0,0.001097
Interesting-Basis747,external_individual,student,0.8,4,15.0,20.0,3e-06
Chemboi69,external_individual,student,0.8,2,16.0,19.0,0.006058
Responsible-Menu-428,decentral_individual,student,0.8,35,2.5,3.5,0.0
Bitter_Serve4680,external_individual,student,1.0,5,1.0,0.0,5e-06
Sufficient-Wave1132,former_individual,student,0.8,0,2.5,5.5,0.00511
Difficult_Mulberry20,external_individual,student,0.9,0,1.0,0.0,0.000399
dheeman_roy,external_individual,student,0.6,17,6.5,6.5,0.000807
raadim,former_individual,student,0.8,0,56.0,56.5,0.059485
thechickenmaster6000,decentral_individual,student,1.0,57,0.0,1.0,0.0
Dovah_120,decentral_individual,student,1.0,74,2.5,2.5,3.5e-05
jfang00007,former_individual,student,0.5,5,2.5,1.5,0.000599
Cristian369369,external_individual,student,0.5,20,40.5,37.5,0.01216
Happy_Ad_4345,external_individual,student,1.0,4,1.0,0.0,1.4e-05
Rettiratata,former_individual,student,0.7,4,2.5,4.0,0.002812
kolmiw,external_individual,other,0.5,2,15.5,23.0,0.002331
spike-spiegel92,former_individual,phd,0.7,4,22.0,25.5,0.019206
N8_90,decentral,department_or_lab,0.8,4,8.0,8.0,0.001335
MarioPnt,decentral_individual,student,1.0,4,1.0,0.0,6.2e-05
iwontremembr,external_individual,phd,1.0,11,0.0,1.5,5e-06
FunkySnail19,decentral_individual,student,0.8,0,17.0,19.5,0.012014
DummeStudentin,external_individual,student,1.0,20,45.0,49.5,0.033456
Antidigitalist,decentral_individual,student,1.0,0,5.0,3.5,0.000852
Creepy_Floor_1380,external_individual,student,1.0,4,1.5,0.0,0.0
OleksandrHalipchak,decentral_individual,student,0.5,77,0.0,1.0,0.0
OpportunityEastern16,decentral_individual,student,1.0,20,6.0,3.0,0.000777
Ok-Technician-9704,external_individual,phd,0.5,0,10.0,13.5,0.013257
InsidePrinciple9355,decentral_individual,researcher,0.7,2,7.0,4.5,0.001921
thatchemist96,external_individual,student,0.8,0,25.0,30.5,0.042576
Odd_Raspberry_2402,decentral_individual,student,0.8,0,106.0,115.5,0.075942
Even-Cod8017,external_individual,other,0.5,3,2.5,5.0,0.000968
pixusnixus,decentral_individual,student,1.0,2,7.5,9.5,0.000968
LightDrago,external_individual,postdoc,0.5,4,8.5,7.5,0.003614
unsuspiciousprofile,external_individual,student,0.5,3,3.5,2.0,0.000952
Educational-Bite3961,external_individual,other,0.5,2,4.5,3.0,0.001799
Majestic_Example2529,decentral_individual,student,1.0,2,4.0,3.0,0.000576
DocKla,external_individual,other,0.5,0,30.0,39.0,0.024701
CallExner,external_individual,student,0.5,2,6.0,0.0,0.000944
kylinandy,external_individual,student,0.7,2,12.5,8.5,0.001748
iampujan,external_individual,student,0.8,0,1.5,1.5,0.001243
Alendion_TLG,external_individual,other,0.5,20,4.0,4.0,0.001258
Colour_me_shocked_99,decentral_individual,student,1.0,80,4.0,0.0,0.000814
Sudden_Membership491,external_individual,other,0.5,3,3.0,0.0,0.000621
aedlearndl,external_individual,student,1.0,17,4.5,3.0,0.000773
Superhero_889,external_individual,other,0.5,17,5.0,0.0,0.000609
No-Animator-7931,decentral_individual,phd,0.7,20,2.5,3.5,0.000517
artha_penn_,decentral_individual,phd,0.8,20,3.0,2.5,0.000617
jmesfin,decentral_individual,student,1.0,4,6.0,0.0,0.00163
SecureStandard3274,decentral_individual,student,0.8,17,5.5,4.5,9.1e-05
strawberryscoups,decentral_individual,student,1.0,2,3.0,0.0,0.0
IceChocolateHead,decentral_individual,student,1.0,0,3.0,5.5,0.005124
quazlyy,external_individual,other,0.5,11,0.0,1.5,2e-06
fingerprint187,former_individual,student,0.5,0,17.5,21.0,0.032849
aorozco1996,external_individual,student,0.8,80,0.0,1.0,3e-06
Kindly-Caregiver7197,former_individual,student,0.5,2,28.0,42.0,0.004385
hainb,decentral_individual,student,0.8,4,1.5,3.0,1e-06
tomasbm5,decentral_individual,student,1.0,3,1.5,2.5,2.5e-05
ndnator,external_individual,student,0.8,0,26.0,26.5,0.023984
vltmusic,decentral_individual,student,0.8,4,1.0,3.5,0.000869
gfcanneverseethis,decentral_individual,student,1.0,4,1.0,0.0,3e-06
Used-Implement9108,decentral_individual,student,1.0,2,3.0,1.0,2.1e-05
eee_bume,former_individual,student,0.8,5,3.0,4.5,1.9e-05
ToshiakiTakenori,external_individual,student,1.0,17,6.0,1.5,0.000149
Chris_P_Nuts_,decentral_individual,student,1.0,20,0.0,1.5,0.0
shaolinmasterkiller2,former_individual,student,0.8,4,5.0,3.5,0.0
getMewRONGg,external_individual,other,0.8,4,1.5,0.0,0.0
SmoothEnjoyer,external_individual,student,0.8,4,3.0,4.0,9e-06
squigguilty,decentral_individual,student,0.8,2,1.5,1.5,1.7e-05
JauntyKnight,decentral_individual,student,1.0,4,9.5,15.0,4e-06
Distinct_Maximum3028,decentral_individual,researcher,0.8,4,2.5,4.0,0.0
Gullible_Ocelot_6148,decentral_individual,student,1.0,4,16.5,17.0,8e-06
livelifetodream,external_individual,student,0.8,4,3.0,1.5,0.0
schrodingers_wave,decentral_individual,applicant,0.7,4,6.0,3.0,0.0
Niduck,external_individual,other,0.5,0,36.5,31.5,0.046516
Lukeskykaiser,decentral_individual,student,1.0,17,25.5,35.0,0.006179
acro_albaner,external_individual,student,0.5,6,1.5,1.5,3.8e-05
No-Grapefruit1341,external_individual,other,0.5,6,11.5,11.0,0.001805
0b00000110,external_individual,other,0.8,6,8.0,8.0,0.001511
ContentOpportunity41,decentral_individual,student,1.0,4,4.5,2.5,1.3e-05
zgjs24,decentral_individual,student,1.0,2,1.5,1.5,1.7e-05
LowAcanthocephala448,decentral_individual,student,1.0,2,4.0,2.5,2.9e-05
Mouschi_,external_individual,student,1.0,11,2.5,1.0,0.000111
BlockOfSwissCheese,decentral_individual,student,0.8,3,4.5,1.0,4.6e-05
jojo_504,former_individual,phd,0.7,13,6.0,7.0,0.001507
rBlu3b0x,decentral_individual,student,0.8,4,4.5,10.0,4.2e-05
mygrannyhascancer,external_individual,student,0.8,4,5.0,4.0,0.003228
rlyehiangabriel,decentral_individual,student,1.0,2,3.0,1.5,0.00026
beyhai,external_individual,student,0.8,2,4.0,1.5,0.000312
Excellent_Skin9697,external_individual,student,1.0,2,8.5,7.0,0.001111
czee96,decentral_individual,phd,1.0,5,1.5,1.0,1e-06
BeginningSelection57,decentral_individual,student,1.0,5,3.0,0.0,0.00054
Bongo_2020,former_individual,student,0.8,2,3.5,5.0,0.001147
puppetalk,decentral_individual,phd,0.9,13,15.5,18.5,0.009706
Ant_of_Colonies,decentral_individual,student,0.8,4,0.0,1.5,1e-06
Shidoni,former_individual,student,0.7,17,32.0,33.5,0.019648
opinionated_exciton,external_individual,phd,0.8,17,7.0,1.5,0.000184
Eli_229,external_individual,student,0.8,0,16.5,18.0,0.019984
joyjoy1515,decentral_individual,student,0.8,68,0.0,1.0,0.0
f00ld,decentral_individual,student,0.8,2,0.0,1.0,0.0
ExpertPlayful9604,decentral_individual,student,1.0,6,1.0,0.0,0.0
kuaile258890,external_individual,student,0.5,2,3.5,2.5,0.000362
No-Start8890,decentral_individual,student,0.8,2,1.0,4.0,0.000619
studentofbio,decentral_individual,student,1.0,2,2.0,1.0,0.00031
akhenator,former_individual,student,1.0,2,0.0,1.0,5e-06
WEAluka,former_individual,student,0.8,4,4.5,3.0,0.001887
yesNoIdunnno,former_individual,student,0.8,0,17.5,18.5,0.016354
EarDue438,external_individual,student,1.0,20,1.5,0.0,1e-06
ecchi4ever,decentral_individual,student,1.0,4,5.0,9.5,9e-06
BleakShawarma,former_individual,student,0.8,5,3.5,3.5,0.001656
Time-Measurement-778,decentral_individual,student,1.0,4,3.0,0.0,2e-06
SnooObjections6532,decentral_individual,student,0.8,4,2.0,0.0,4e-06
pasturaboy,external_individual,student,0.5,0,8.5,10.0,0.015851
oaschlurch,external_individual,phd,0.8,0,9.0,9.0,0.019733
bobbyfischerchic,external_individual,student,0.5,0,2.5,2.5,0.001636
Automatic_Pear3386,external_individual,student,0.5,3,3.0,5.5,0.005052
pranavadvani2003,external_individual,student,0.8,17,0.0,1.5,9.5e-05
Irgendwer99,decentral_individual,student,0.8,13,6.0,4.0,1e-06
MailWide5861,external_individual,student,0.5,0,1.5,0.0,4e-06
lashiskappa,decentral_individual,student,0.8,20,1.0,2.5,0.000215
F3367,decentral_individual,student,1.0,4,4.5,1.5,7e-06
nzflmc,decentral_individual,student,0.8,2,4.5,1.5,4.4e-05
TemirTuran,decentral_individual,student,0.8,0,5.5,7.5,0.005421
Sufficient-Chef5785,external_individual,student,0.8,2,3.0,0.0,2.5e-05
ImportanceKey5304,external_individual,student,1.0,35,3.5,1.5,0.000196
Illustrious_Pound994,former_individual,student,0.8,2,3.5,2.5,0.000122
ExcaliburWontBudge,decentral_individual,student,0.9,2,16.0,20.0,0.003118
majestickr2,external_individual,student,0.5,0,14.5,18.5,0.008264
PracticeMammoth387,external_individual,phd,0.7,0,31.5,35.5,0.035783
KrysTallineDream,decentral_individual,student,0.8,2,2.5,5.5,0.000854
mr_fin3man,external_individual,student,0.7,11,1.5,0.0,4.5e-05
dstemcel,external_individual,student,0.8,11,2.5,2.5,9.1e-05
False_Description_43,decentral_individual,student,0.8,11,2.0,0.0,6e-05
megamaracuja,external_individual,phd,0.8,11,6.5,1.5,0.001772
Albi_Sup,decentral_individual,applicant,0.8,11,2.5,1.5,0.00012
lswans,external_individual,other,0.8,11,1.5,0.0,4.5e-05
Wayne-420,external_individual,student,0.8,2,6.5,6.0,0.00015
a2biR,external_individual,student,1.0,11,3.0,4.5,0.000224
Affectionate-Dot5725,external_individual,student,0.8,13,1.5,1.5,2.9e-05
LiberFriso,decentral_individual,student,1.0,20,3.0,3.0,0.001308
CardiologistKlutzy39,decentral_individual,student,0.8,15,4.0,4.5,0.001217
microtherion,former_individual,student,0.8,0,76.0,82.0,0.075544
tagleaf,decentral_individual,student,1.0,2,1.5,1.5,0.0
Icy_Study_538,decentral_individual,student,1.0,4,1.5,1.5,0.0
No-Assumption-6889,external_individual,student,0.8,0,7.5,12.5,0.009175
enlightened-sloth,decentral_individual,student,0.8,2,1.5,1.5,3e-06
dawnstrata1996,decentral_individual,researcher,1.0,4,7.0,4.0,0.001003
ExistingPass8801,decentral_individual,student,1.0,4,1.0,0.0,0.0
Alex51423,former_individual,student,0.8,0,4.5,5.5,0.002266
Witty-Direction6756,decentral_individual,applicant,0.8,13,3.5,1.5,0.000156
Tarobubbly,external_individual,student,0.8,4,1.5,1.5,0.0
Admirable-Group-1129,external_individual,student,0.8,2,1.5,1.5,5.4e-05
CorgiSecret,decentral_individual,student,1.0,4,3.0,3.0,1.8e-05
Curious_Crafter1,decentral_individual,student,1.0,2,3.0,4.0,2.5e-05
ProofSmooth7317,decentral_individual,student,1.0,4,4.0,5.5,2e-06
No-Meat1818,decentral_individual,student,1.0,15,1.5,1.5,0.0
ltsaNewDay,decentral_individual,student,1.0,0,22.5,23.5,0.013874
2578923047823,decentral_individual,applicant,0.8,5,2.0,0.0,4.2e-05
Purpose_roam,external_individual,student,0.5,0,5.0,6.5,0.004379
ParfaitFinancial9765,decentral_individual,student,1.0,3,4.0,0.0,0.000935
the-return-of-amir,external_individual,other,0.8,3,1.5,2.5,0.000934
Last_language_bender,external_individual,other,0.5,11,1.5,1.5,3.8e-05
dead_by_aprl,external_individual,student,0.5,17,2.0,0.0,0.001314
Senbean,decentral_individual,student,1.0,2,3.5,5.0,5.3e-05
hot-plato,decentral_individual,student,1.0,3,3.5,2.5,4e-05
constar93,former_individual,phd,0.8,0,3.5,3.5,0.003978
LG193,external_individual,researcher,0.5,0,8.0,5.0,0.005155
DaDf10,external_individual,student,1.0,0,1.0,0.0,1.6e-05
Glad_Department_9318,external_individual,student,0.7,2,10.0,7.5,0.001165
kermittheelfo,decentral_individual,student,1.0,2,7.0,12.0,0.000571
Desperate-Papaya3017,decentral_individual,student,1.0,4,1.5,0.0,0.0
architectureNomad,decentral_individual,student,0.9,0,1.0,2.5,9.8e-05
forallem,decentral_individual,student,1.0,2,3.5,3.5,0.000423
imbaldcuzbetteraero,decentral_individual,student,1.0,3,5.5,6.5,0.003566
Aiyimitzweii,decentral_individual,student,1.0,3,4.5,4.5,7.1e-05
Chess_Mathematician,decentral_individual,student,1.0,3,1.0,0.0,8e-06
SwimmingPen1458,decentral_individual,student,1.0,3,1.0,0.0,8e-06
Sad-Ladder-1455,former_individual,student,0.8,3,2.0,0.0,8e-06
Lost-Jello679,external_individual,student,0.8,3,1.5,1.5,2.4e-05
Other-Elevator3593,external_individual,student,0.8,4,0.0,1.0,0.0
Kawakzaky,decentral_individual,student,1.0,4,1.5,4.5,1.8e-05
Ok-Purpose-1822,former_individual,student,0.8,3,4.0,5.5,0.001804
Possible_Barnacle_68,decentral_individual,student,1.0,2,4.5,1.5,0.000193
Routine-Animator-774,external_individual,student,0.8,38,3.0,0.0,0.000264
EmergencyArtistic634,external_individual,student,0.5,11,1.5,0.0,0.0
AdolphSilvia,decentral_individual,student,0.8,20,3.0,4.5,0.000166
PlatypusExisting5730,decentral_individual,student,1.0,2,0.0,1.5,5e-06
Sorcumalot,decentral_individual,student,0.8,2,4.0,2.5,0.000982
MundaneAdeptness4024,decentral_individual,student,1.0,13,1.5,0.0,0.0
MaracCabubu,former_individual,student,0.9,17,2.5,3.5,6.4e-05
Salty_Idea1437,decentral_individual,student,1.0,3,5.5,3.0,0.000369
Louis020520,decentral_individual,applicant,0.8,4,7.0,8.0,3.7e-05
Ashamed_Baker_3568,decentral_individual,researcher,1.0,5,0.0,1.0,2e-06
Sure_Neighborhood_79,external_individual,student,0.5,5,10.5,0.0,0.001162
THE_CODING_ERA3791,external_individual,student,1.0,2,2.5,1.5,2e-06
Filippo295,external_individual,student,0.7,13,6.0,5.0,0.000229
totalboring,external_individual,student,0.9,13,1.0,0.0,3.6e-05
Competitive-Song5961,decentral_individual,student,0.8,2,2.0,0.0,6e-06
PsychologyEast7457,external_individual,student,0.8,20,5.0,5.0,0.002653
Wew1800,decentral_individual,student,1.0,0,5.5,8.5,0.011519
paradisesadness,former_individual,student,0.7,0,20.0,19.5,0.015435
Ill-Perspective-7190,former_individual,student,1.0,0,6.5,7.5,0.011488
Training-Bake-4004,external_individual,other,0.5,0,105.0,109.5,0.124131
HolidayOptimal,external_individual,student,0.5,0,38.5,42.5,0.055424
NoFlounder5177,external_individual,student,0.5,5,4.5,6.0,0.006407
fishbirdsfoxesmoles,external_individual,phd,0.8,0,15.0,15.0,0.012528
ResistAlternative935,external_individual,other,0.5,0,25.0,27.0,0.024382
Top_Budget_9947,decentral_individual,phd,1.0,5,2.0,2.0,0.001116
Different_Scholar548,decentral_individual,student,0.8,0,25.5,28.5,0.030804
Purple_Passenger_244,external_individual,student,0.5,3,1.5,1.5,8.6e-05
user13376942069,decentral_individual,phd,0.8,5,6.5,8.0,0.003441
Tough-Celebration-80,decentral_individual,student,0.8,2,5.5,1.5,0.001461
Rollstein_,decentral_individual,student,1.0,5,1.0,0.0,0.000152
TiPrincess,former_individual,student,0.5,5,6.0,6.0,0.001042
Money-Panda9038,external_individual,student,1.0,5,1.5,1.5,0.000456
Deathfighter2017,decentral_individual,phd,0.8,5,1.5,1.5,0.000456
Complex-Vanilla-2746,external_individual,student,0.5,5,1.0,0.0,0.000152
Atalantius,external_individual,other,0.5,5,24.5,31.5,0.017184
antCABBAG3,external_individual,student,0.8,0,23.0,26.0,0.028666
No_bitches_but_f1fan,external_individual,student,0.8,20,1.5,1.5,3.9e-05
tioskott,decentral_individual,student,1.0,20,3.0,3.0,0.001064
KekkoMV,external_individual,student,0.8,3,0.0,1.0,0.0
AstroRoverToday,external_individual,student,0.8,0,31.5,31.5,0.038677
carb0nyl3,external_individual,other,0.5,0,21.5,23.0,0.016455
Jahkral,former_individual,student,0.6,0,5.0,5.5,0.002936
Sufficient-Treat-846,decentral_individual,student,1.0,5,6.0,4.5,4.2e-05
MantisPymp,decentral_individual,phd,0.8,2,6.5,8.0,0.009258
DRay6t,decentral_individual,student,1.0,20,2.5,2.5,8e-06
LordScantron,decentral_individual,student,1.0,2,3.0,3.0,4.9e-05
FutureAd6409,external_individual,phd,1.0,0,1.5,1.5,0.000252
HappySquid25,decentral_individual,student,0.8,2,0.0,1.0,0.0
Dry-Abbreviations-92,former_individual,student,0.8,2,3.0,0.0,0.000219
Little_Writing_3171,external_individual,student,1.0,35,1.0,0.0,0.0
simplyyAL,external_individual,student,0.5,0,45.0,48.0,0.034954
Fresh-Mine6908,external_individual,phd,0.8,2,1.5,0.0,3e-06
BigDogHenry,decentral_individual,applicant,0.7,5,1.0,1.0,0.0
Idontlikecancer0,external_individual,student,1.0,74,7.5,3.5,0.000696
skip-narrative,former_individual,student,0.7,2,1.5,1.5,0.000341
Outrageous-Boot7092,external_individual,phd,0.8,5,3.5,6.5,0.000138
Moefeee,former_individual,student,0.8,2,1.5,2.5,5e-06
areomigeo,decentral_individual,student,1.0,4,3.5,4.5,0.0
Ordinary_Ad_9838,decentral_individual,student,0.9,0,1.0,0.0,0.000557
Sudden_Shopping_735,external_individual,student,0.5,11,0.0,3.0,0.000118
UnluckyInvestment893,decentral_individual,phd,1.0,20,5.5,1.5,0.000447
0raid,decentral_individual,student,1.0,0,5.5,4.0,0.002541
irisosaurus,external_individual,student,0.5,3,0.0,1.5,1.1e-05
jeffxxxxx,decentral_individual,student,1.0,2,2.0,3.0,0.001542
JuktNichtBesonders,decentral_individual,student,0.8,126,1.5,0.0,0.0
Awkward_Eggplant1234,decentral_individual,student,1.0,3,0.0,1.0,0.0
opensourceartwork,decentral_individual,student,1.0,2,6.0,4.0,0.000544
Existing-Escape6320,external_individual,other,0.5,2,7.5,3.0,0.000492
Serious_Reporter950,decentral_individual,student,1.0,17,5.0,5.0,0.001034
trip_tripp,external_individual,student,1.0,5,1.5,1.5,5e-06
beachwavesshrimp,external_individual,student,0.9,4,2.0,2.0,0.0
TransportationFast50,external_individual,student,0.8,11,1.5,1.5,0.0
AdobiWanKenobi,external_individual,other,0.5,0,4.5,8.0,0.005758
BoatImmediate8262,external_individual,other,0.5,0,5.0,1.5,0.002081
DecisionTreeLeaf,decentral_individual,student,1.0,2,0.0,1.0,5e-06
Raskolnikov98,decentral_individual,student,0.8,2,14.5,15.5,0.001738
lordjamie666,decentral_individual,phd,1.0,0,31.5,34.5,0.038858
Whole_Bad_3819,external_individual,student,0.8,0,1.0,0.0,4.5e-05
East_Earth_920,former_individual,student,0.8,0,1.5,4.5,0.00522
anxious_human_431231,former_individual,student,0.8,2,10.0,10.0,0.002714
Designer-Ad441,decentral_individual,student,1.0,3,1.5,1.5,0.000213
Consistent-Piglet695,decentral_individual,student,1.0,126,0.0,1.5,0.0
Important-Trick1875,external_individual,student,0.8,11,1.5,1.5,6e-06
VermicelliStill7625,external_individual,student,0.7,11,9.0,15.5,0.000635
Spiritual-Freedom-20,external_individual,other,0.5,13,2.0,4.5,0.000329
FerrousThing,former_individual,phd,0.8,5,9.5,9.5,0.006983
Giggs1986,external_individual,student,0.8,11,0.0,1.5,5.3e-05
Jakey1999,former_individual,student,0.8,2,0.0,1.5,6e-06
martinbk5,former_individual,student,0.8,0,5.5,6.5,0.004877
CharlyNuggy,external_individual,student,0.9,2,1.5,1.5,0.000341
Fragrant-Ad9773,decentral_individual,applicant,0.8,20,6.5,1.5,0.000346
Odd_Television_6382,external_individual,student,1.0,17,4.5,8.5,0.001717
PuzzleheadedWind5806,external_individual,student,0.5,17,4.5,3.0,1.7e-05
OkEconomy9512,external_individual,student,0.8,2,0.0,1.5,3.1e-05
WorldinessSuch998,external_individual,student,1.0,11,1.5,1.5,1e-06
db600db,decentral_individual,student,0.8,2,9.5,10.5,0.001847
Flo03DT,external_individual,student,0.8,11,1.5,3.0,5.4e-05
Reasonable_Road5842,decentral_individual,student,1.0,0,1.5,0.0,0.000364
cmnemeth,external_individual,student,0.5,0,1.0,0.0,0.000243
IdealistCat,external_individual,student,0.8,0,1.0,0.0,0.000243
GowthamR10,decentral_individual,applicant,0.8,4,2.5,0.0,6e-06
Puzzleheaded-Dish816,decentral_individual,student,0.9,11,2.5,2.5,6e-06
Obviously_Special,decentral_individual,student,0.8,11,6.5,8.0,0.000667
Upstairs-Chest6736,decentral_individual,student,0.8,11,1.0,0.0,0.0
Fabi8086,decentral_individual,student,1.0,2,2.5,3.5,0.000689
godly_carpet,decentral_individual,student,1.0,11,1.5,5.0,0.0
Tom1380,decentral_individual,applicant,0.8,20,6.5,7.0,0.000954
AggravatingSplit7492,external_individual,student,0.8,15,3.0,1.5,0.000463
Impossible_Coyote980,external_individual,other,0.5,3,3.0,0.0,0.000504
Low_Objective_1040,decentral_individual,student,1.0,2,4.5,4.5,0.002347
unknown_qw,decentral_individual,student,0.8,0,10.5,10.5,0.007326
Electronic-Olive9411,external_individual,student,0.8,20,1.5,1.5,0.000322
BloodIsRedDidYouKnow,external_individual,student,0.8,2,2.5,1.5,0.0
True_Cupcake2634,external_individual,student,0.7,2,0.0,3.0,0.0
TheDerplessHerp,decentral_individual,postdoc,0.8,139,1.5,0.0,0.0
Fallap90,external_individual,student,0.8,57,1.0,2.0,0.000437
Agruesle,external_individual,other,0.5,0,16.0,15.0,0.016689
i_see_the_ocean,former_individual,phd,0.5,2,1.5,1.5,0.00026
Pretty_Employ_8657,decentral_individual,student,0.9,4,3.0,3.0,7e-06
Emergency-Horse6928,decentral_individual,student,0.8,2,4.5,3.0,0.000379
Stats_are_hard,external_individual,researcher,0.5,2,1.0,1.0,0.000162
Wacern,decentral_individual,student,0.8,4,4.0,6.5,0.000309
Emergency-Shower-205,decentral_individual,student,1.0,2,3.0,2.5,8e-06
AVeryGoofyGoober,decentral_individual,student,0.5,15,1.5,0.0,0.0
Difficult_Comment564,decentral_individual,applicant,0.8,11,8.5,7.5,6.3e-05
DrOeuf,external_individual,student,0.5,0,18.0,23.5,0.016877
TheMehGamer,decentral_individual,student,1.0,13,0.0,1.0,0.0
Mobile-Bid-9848,decentral_individual,student,0.7,4,7.5,7.5,1.3e-05
4g4o,external_individual,student,0.8,17,1.5,1.5,4e-06
JustPatience8936,decentral_individual,student,1.0,2,2.0,3.5,0.000142
vac-ation,decentral_individual,student,0.8,0,13.0,14.0,0.017177
way_ze,former_individual,student,0.8,144,0.0,1.5,0.0
SuperstarRockYou,decentral_individual,applicant,0.8,0,1.5,2.5,0.000161
Money-Total,external_individual,student,0.8,0,4.5,4.5,0.006679
Acrobatic-Giraffe-65,external_individual,student,0.9,2,0.0,1.5,1.5e-05
macdestroe234,decentral_individual,student,1.0,2,1.0,0.0,2.1e-05
nikki4716,decentral_individual,student,1.0,20,2.0,0.0,4.2e-05
pwxykd,decentral_individual,student,0.8,5,1.5,1.5,0.00138
rachelKD637,decentral_individual,phd,1.0,5,1.5,1.5,1.9e-05
jan-jan-14,former_individual,student,0.8,5,0.0,1.5,0.000228
Kug3lfisch,former_individual,student,0.7,2,0.0,1.5,0.0
Professional-Ask246,decentral_individual,applicant,0.8,17,1.5,1.5,1e-06
Leducationth,decentral_individual,student,1.0,13,4.0,5.0,5.4e-05
OperationSalt3860,external_individual,researcher,0.7,0,7.0,8.0,0.008798
EtherealEquations,external_individual,student,1.0,74,1.5,1.5,7e-06
TrickyBench,former_individual,student,0.6,5,1.0,1.0,0.0
Reasonable_Duty6013,external_individual,other,0.5,17,1.5,1.5,6e-05
Eve_Z_,external_individual,student,0.8,17,5.0,3.5,0.000269
Traditional_Pear_425,decentral_individual,student,0.9,144,1.5,0.0,0.0
StuffPuzzleheaded689,decentral_individual,student,0.8,2,4.0,2.5,0.003557
Suspicious-Ask-7231,decentral_individual,student,0.8,74,1.5,3.0,0.000295
Murky-Case-8958,decentral_individual,student,0.9,3,0.0,1.5,5e-06
2D_Tiddies,decentral_individual,student,1.0,77,1.0,0.0,0.0
RomanRiesen,decentral_individual,student,1.0,0,3.5,6.5,0.004239
SilverDouble7043,external_individual,student,1.0,2,1.5,1.5,0.000589
deepshark14,former_individual,student,0.8,2,3.0,1.5,0.000723
Midshipfilly913,decentral_individual,phd,0.9,5,3.0,4.0,0.001425
meancream_ow,decentral_individual,student,1.0,3,0.0,1.0,3e-06
DaubDavs,external_individual,student,0.9,2,1.5,2.5,0.000152
Tenn_essee,decentral_individual,student,0.8,11,3.5,6.0,0.000199
Adept-Slice,external_individual,other,0.5,0,12.5,13.5,0.010147
sweet_selection_1996,external_individual,other,0.5,0,10.5,11.5,0.016564
taurjr,external_individual,student,0.7,2,1.0,0.0,0.0
Okabee_Rintaro,decentral_individual,student,1.0,163,1.5,0.0,0.0
taenyfan95,decentral_individual,phd,0.5,5,2.0,3.5,6.1e-05
herbertdm,external_individual,phd,0.8,2,1.5,1.5,0.000589
AlternisHS,decentral_individual,applicant,0.8,2,1.0,0.0,0.000196
RelationshipLevel129,external_individual,student,0.5,2,1.5,0.0,0.000295
steromez,external_individual,student,0.8,2,1.5,1.5,0.000589
mildm1nd,external_individual,student,0.8,17,1.5,1.5,0.000295
Double_Vacation545,decentral_individual,student,1.0,3,3.5,4.0,8.8e-05
svensKatten,external_individual,other,0.8,0,4.5,6.0,0.005786
selfentropy,decentral_individual,student,1.0,20,1.0,0.0,2e-06
Lemon-Federal,external_individual,student,1.0,5,1.0,2.0,7e-06
Murtaza_Nomani,external_individual,student,0.8,4,4.5,1.5,0.000307
mr_stargazer,decentral_individual,student,0.8,13,17.5,23.0,0.01125
04whizkid,decentral_individual,student,0.8,13,5.0,8.5,0.000449
Odd_Instruction_1440,external_individual,student,0.8,2,2.0,0.0,2.3e-05
ThrowRaTranslator,external_individual,other,0.8,17,4.0,3.0,0.000454
LundZindagiJhand,decentral_individual,applicant,0.6,17,1.5,0.0,3e-05
Aark95,external_individual,student,1.0,17,0.0,1.5,0.0
HighfiveBeast,external_individual,student,1.0,2,1.0,0.0,0.0
Tajuja5,former_individual,student,0.6,0,0.0,1.5,3.3e-05
Exumax,decentral_individual,student,1.0,5,1.0,4.0,0.000977
phonybelle,former_individual,student,0.8,20,1.5,3.0,0.003885
PoolBright5356,external_individual,student,0.5,11,0.0,1.5,5.3e-05
Gghg625,external_individual,student,0.8,20,1.5,0.0,0.0
ExplanationEnough295,decentral_individual,student,1.0,2,4.0,7.5,0.002909
robotoron,decentral_individual,student,1.0,2,0.0,3.0,4e-06
Laschibaschi,decentral_individual,student,0.8,20,4.0,10.0,0.000953
cablecar1024,decentral_individual,student,0.8,20,4.0,1.5,4.5e-05
Key_Study_1491,former_individual,student,0.5,0,2.5,2.5,0.003486
TheAthleticDiabetic,external_individual,other,0.5,0,3.0,0.0,0.000476
Mocha-Mona,decentral_individual,phd,0.8,20,1.5,4.0,6e-06
r_card_,external_individual,other,0.5,17,2.0,1.0,9.2e-05
matu1234567,decentral_individual,phd,1.0,19,1.5,1.5,0.0
Euphoric-Momo-7,external_individual,other,0.8,2,1.5,1.5,2.9e-05
Artistic-Ad-3794,external_individual,student,0.8,2,1.0,0.0,0.0
Fuzzy_Ad_8448,external_individual,student,0.5,4,1.5,1.5,1e-06
dust-and-disquiet,external_individual,student,0.5,5,0.0,1.5,4e-06
AdUnfair2134,decentral_individual,student,1.0,2,1.5,1.5,6.2e-05
elsbergs,former_individual,student,0.8,0,1.5,0.0,0.002123
Nauckle225,former_individual,student,0.8,20,0.0,2.5,0.0
KeyLab3958,decentral_individual,student,0.8,3,0.0,1.5,3e-06
__D3U5__,former_individual,student,0.5,2,1.5,1.5,1.7e-05
BeStoopid,former_individual,student,0.6,13,1.5,2.5,0.0
ReputationFull4819,external_individual,student,0.8,2,0.0,1.5,0.000295
Different_Half_9990,decentral_individual,applicant,0.8,2,1.5,1.5,6.3e-05
Chance-Ad3993,decentral_individual,student,1.0,17,1.5,3.0,5e-06
Ctg2005,decentral_individual,student,1.0,2,0.0,1.0,2e-06
aspa34,decentral_individual,student,0.8,0,12.5,11.5,0.024421
Alrex_G,external_individual,student,0.9,3,2.5,2.5,0.0
FewBlacksmith6399,decentral_individual,student,0.8,20,8.0,10.5,0.000864
acemep,decentral_individual,student,1.0,2,0.0,1.5,2e-06
BroadComb6309,external_individual,student,0.8,2,2.5,1.5,4.5e-05
Menthos_,decentral_individual,student,1.0,20,1.5,0.0,4e-06
Haldenbach,former_individual,student,0.5,0,21.0,25.5,0.022872
MoridinB,external_individual,other,0.5,2,1.0,2.5,7.4e-05
Forsaken_Bid927,decentral_individual,student,0.8,2,0.0,2.5,0.000171
thatzodiackiller,decentral_individual,applicant,0.9,35,1.0,0.0,0.0
Odd-Air-7588,decentral_individual,student,0.8,5,0.0,1.0,0.000152
y0xi,decentral_individual,applicant,0.7,20,1.5,1.5,1e-05
Nag_143,external_individual,student,0.8,2,1.0,0.0,2.1e-05
NoSloLace,decentral_individual,student,1.0,2,1.5,2.5,5.3e-05
BjornVandenOuvren,external_individual,other,0.5,15,0.0,2.5,0.0
SnooGuavas6832,former_individual,student,0.6,2,0.0,1.5,1e-06
WildlifePhysics,external_individual,researcher,0.8,2,1.0,2.5,0.002624
Thomas_KT,external_individual,student,0.5,0,6.5,6.5,0.007473
recklessproceeding,external_individual,student,1.0,29,3.5,2.5,0.0
DefKatsuki,external_individual,student,1.0,4,0.0,2.5,0.0
Freddy_Mercurial,decentral_individual,student,0.8,2,1.5,1.5,2.8e-05
EmbarrassedAd7823,former_individual,student,0.8,11,1.5,2.5,0.0
AdrianWasTaken,decentral_individual,phd,0.9,20,0.0,1.5,2e-05
Eggsy_x,decentral_individual,applicant,0.9,20,1.5,1.5,0.0
mick_sunglasses,former_individual,student,0.5,17,3.0,1.5,1.2e-05
SeaworthinessPale733,external_individual,student,0.9,20,7.0,6.0,9.6e-05
Infamous-Picture-10,decentral_individual,student,0.8,20,1.0,1.0,1e-06
BaseCautious6799,external_individual,student,0.8,11,0.0,1.0,3e-05
RevolutionFull111,external_individual,researcher,1.0,20,2.5,5.0,2e-05
ComprehensiveAnt3054,decentral_individual,student,1.0,20,2.5,2.5,0.0
Representative-Tea57,external_individual,student,1.0,0,23.5,26.0,0.034108
Goldesel97,external_individual,student,0.8,2,0.0,1.5,6e-06
RelevantAgency7979,decentral_individual,student,1.0,195,0.0,1.0,0.0
Really-hot-soup,decentral_individual,student,1.0,2,15.0,17.5,0.009999
Longjumping-Welder62,decentral_individual,student,0.8,3,1.0,5.5,0.001918
Accomplished_Base532,external_individual,other,0.5,139,0.0,1.5,0.0
Kaze027,decentral_individual,phd,1.0,11,2.0,3.0,1.1e-05
MarsBoy_2,external_individual,student,0.8,28,0.0,1.0,0.0
getshreckdindeass,decentral_individual,student,1.0,20,2.5,2.5,2.1e-05
Noblicke61,decentral_individual,student,1.0,28,0.0,1.0,0.0
hohenheim5678,former_individual,student,0.8,11,0.0,1.5,1e-06
PoignantPoison,decentral_individual,phd,0.7,0,2.0,2.0,0.006399
Hour-Hope7559,external_individual,other,0.8,20,2.5,1.5,5.2e-05
Tight_Guidance_5597,former_individual,student,0.8,2,0.0,3.0,1.4e-05
Plane_Space_1635,external_individual,student,0.5,17,1.5,1.5,0.0
fifibg,decentral_individual,student,1.0,2,0.0,1.0,1e-06
Tight-Implement-4988,decentral_individual,student,1.0,2,1.0,0.0,0.0
Michaelson57,external_individual,student,0.8,5,1.0,0.0,0.0
arsbars17,external_individual,student,0.8,0,1.0,0.0,4.5e-05
cztian1990,former_individual,employee_or_alumni,0.8,5,1.5,1.5,6e-06
Old-Feed1306,external_individual,student,0.8,38,3.5,2.5,0.0
Plastic-Kitchen3689,decentral_individual,student,1.0,5,1.0,4.0,0.000971
Broad-Acanthisitta17,decentral_individual,student,0.8,215,0.0,1.0,0.0
kuzzzmina_,external_individual,student,1.0,215,1.0,0.0,0.0
twm2718,former_individual,professor,0.8,6,0.0,1.5,0.0
RareswanX,decentral_individual,student,0.8,0,1.0,1.0,0.000273
YoghurtCompetitive10,external_individual,student,0.8,195,1.0,0.0,0.0
lilsosa23,external_individual,student,0.8,2,0.0,1.5,4e-06
IndependenceAlert495,decentral,,0.5,0,1.0,0.0,9.9e-05
Taikutsu4567,external_individual,student,0.8,4,1.0,1.5,2e-06
imkarthikeyans,decentral,department_or_lab,1.0,80,0.0,1.0,3e-06
-mr_meeseeks--,decentral_individual,student,0.9,2,1.5,1.5,6e-06
TS925,decentral_individual,student,1.0,20,0.0,1.0,0.0
Gismoogames,former_individual,student,0.8,222,1.5,0.0,0.0
desperatelamp74,decentral_individual,student,1.0,5,2.5,5.0,0.00062
Internal-Bet3910,external_individual,student,1.0,20,1.5,1.5,8e-06
cami_banani,external_individual,student,0.8,2,0.0,5.0,0.000633
Desperate_Sign_1286,former_individual,employee_or_alumni,1.0,5,0.0,1.5,6e-06
Internal_Mark_5163,decentral_individual,student,1.0,2,0.0,1.5,7e-06
Wooden-Ad-3151,external_individual,student,0.9,224,1.0,0.0,0.0
kyurigang,external_individual,student,1.0,2,2.0,3.0,0.000318
DearLeek1822,decentral_individual,phd,1.0,2,0.0,1.5,5e-06
CartographerOpen9107,decentral_individual,student,1.0,17,1.5,1.5,0.000189
keskec,decentral_individual,student,0.8,2,0.0,1.0,3e-06
natirniger,external_individual,student,0.8,11,0.0,1.5,4.5e-05
aerialbubble,former_individual,student,0.8,11,1.0,2.5,6.3e-05
trembel12,decentral_individual,student,0.8,2,2.5,5.5,0.000105
SpiritArchitect12,decentral_individual,student,0.8,20,0.0,1.5,2e-05
AP11997,decentral_individual,phd,0.8,6,1.5,1.5,1e-06
Time-Tension-4891,former_individual,student,0.7,4,0.0,1.5,0.0
Lasermuffel,decentral_individual,student,1.0,163,0.0,1.5,0.0
radfemagogo,external_individual,postdoc,0.5,0,1.0,2.5,0.000219
Savings-Height3404,external_individual,other,0.5,5,0.0,1.5,6e-06
Adorable_Arugula_499,former_individual,phd,0.5,2,1.5,1.5,1.1e-05
Aurora_Black_,decentral_individual,student,1.0,2,0.0,1.5,1e-06
Emm_Mango,decentral_individual,student,1.0,2,0.0,1.5,0.0
jkochh,decentral_individual,student,0.8,224,0.0,1.0,0.0
Broad_Warning_2886,decentral_individual,student,1.0,222,0.0,1.5,0.0
Smart_Technology_433,decentral,department_or_lab,1.0,11,0.0,1.5,0.0
Latter_Minute_1395,decentral_individual,applicant,0.6,2,0.0,1.5,0.000463
MarcoBernet,external_individual,student,0.8,11,1.5,1.5,1.3e-05
guemeller,external_individual,other,0.5,0,1.0,1.0,0.0032
tenzinleila,former_individual,student,0.8,11,0.0,1.0,3e-05
cryptofreedoom,external_individual,student,0.8,2,0.0,1.5,0.000295
RadishRocket,former_individual,employee_or_alumni,0.8,4,1.0,3.5,0.000175
recursive_tree,decentral_individual,student,1.0,0,0.0,1.5,5.6e-05
mintwurm,external_individual,student,0.8,2,0.0,1.5,4e-06
clairedlalune,former_individual,phd,0.5,3,0.0,1.5,7.6e-05
Unnaturalempathy,decentral_individual,postdoc,1.0,4,0.0,1.5,1.7e-05
MelonLord25-3,decentral_individual,student,1.0,5,3.0,3.0,1e-06
